Media,Author,Count
the washington times,no name,31
the hans india,no name,18
polda bali,no name,14
okezone,no name,9
okezone,Dian Ayu Anggraini,1
okezone,Taufik Fajar,1
breakingterkini.com,no name,9
wahanaberita.com,no name,9
berandaberita.com,no name,8
beritapembaharuan.com,no name,8
bhayangkarasulsel.com,no name,8
sulselday.com,no name,8
the washington times,no name,31
the hans india,no name,18
polda bali,no name,14
okezone,no name,9
okezone,Dian Ayu Anggraini,1
okezone,Taufik Fajar,1
breakingterkini.com,no name,9
wahanaberita.com,no name,9
berandaberita.com,no name,8
beritapembaharuan.com,no name,8
bhayangkarasulsel.com,no name,8
sulselday.com,no name,8
the washington times,no name,31
the hans india,no name,18
polda bali,no name,14
okezone,no name,9
okezone,Dian Ayu Anggraini,1
okezone,Taufik Fajar,1
breakingterkini.com,no name,9
wahanaberita.com,no name,9
berandaberita.com,no name,8
beritapembaharuan.com,no name,8
bhayangkarasulsel.com,no name,8
sulselday.com,no name,8
the washington times,no name,31
the hans india,no name,18
polda bali,no name,14
okezone,no name,9
okezone,Dian Ayu Anggraini,1
okezone,Taufik Fajar,1
breakingterkini.com,no name,9
wahanaberita.com,no name,9
berandaberita.com,no name,8
beritapembaharuan.com,no name,8
bhayangkarasulsel.com,no name,8
sulselday.com,no name,8
